[
{
    "model": "auth.permission",
    "pk": 1,
    "fields": {
        "name": "Can add log entry",
        "content_type": 1,
        "codename": "add_logentry"
    }
},
{
    "model": "auth.permission",
    "pk": 2,
    "fields": {
        "name": "Can change log entry",
        "content_type": 1,
        "codename": "change_logentry"
    }
},
{
    "model": "auth.permission",
    "pk": 3,
    "fields": {
        "name": "Can delete log entry",
        "content_type": 1,
        "codename": "delete_logentry"
    }
},
{
    "model": "auth.permission",
    "pk": 4,
    "fields": {
        "name": "Can view log entry",
        "content_type": 1,
        "codename": "view_logentry"
    }
},
{
    "model": "auth.permission",
    "pk": 5,
    "fields": {
        "name": "Can add permission",
        "content_type": 2,
        "codename": "add_permission"
    }
},
{
    "model": "auth.permission",
    "pk": 6,
    "fields": {
        "name": "Can change permission",
        "content_type": 2,
        "codename": "change_permission"
    }
},
{
    "model": "auth.permission",
    "pk": 7,
    "fields": {
        "name": "Can delete permission",
        "content_type": 2,
        "codename": "delete_permission"
    }
},
{
    "model": "auth.permission",
    "pk": 8,
    "fields": {
        "name": "Can view permission",
        "content_type": 2,
        "codename": "view_permission"
    }
},
{
    "model": "auth.permission",
    "pk": 9,
    "fields": {
        "name": "Can add group",
        "content_type": 3,
        "codename": "add_group"
    }
},
{
    "model": "auth.permission",
    "pk": 10,
    "fields": {
        "name": "Can change group",
        "content_type": 3,
        "codename": "change_group"
    }
},
{
    "model": "auth.permission",
    "pk": 11,
    "fields": {
        "name": "Can delete group",
        "content_type": 3,
        "codename": "delete_group"
    }
},
{
    "model": "auth.permission",
    "pk": 12,
    "fields": {
        "name": "Can view group",
        "content_type": 3,
        "codename": "view_group"
    }
},
{
    "model": "auth.permission",
    "pk": 13,
    "fields": {
        "name": "Can add content type",
        "content_type": 4,
        "codename": "add_contenttype"
    }
},
{
    "model": "auth.permission",
    "pk": 14,
    "fields": {
        "name": "Can change content type",
        "content_type": 4,
        "codename": "change_contenttype"
    }
},
{
    "model": "auth.permission",
    "pk": 15,
    "fields": {
        "name": "Can delete content type",
        "content_type": 4,
        "codename": "delete_contenttype"
    }
},
{
    "model": "auth.permission",
    "pk": 16,
    "fields": {
        "name": "Can view content type",
        "content_type": 4,
        "codename": "view_contenttype"
    }
},
{
    "model": "auth.permission",
    "pk": 17,
    "fields": {
        "name": "Can add session",
        "content_type": 5,
        "codename": "add_session"
    }
},
{
    "model": "auth.permission",
    "pk": 18,
    "fields": {
        "name": "Can change session",
        "content_type": 5,
        "codename": "change_session"
    }
},
{
    "model": "auth.permission",
    "pk": 19,
    "fields": {
        "name": "Can delete session",
        "content_type": 5,
        "codename": "delete_session"
    }
},
{
    "model": "auth.permission",
    "pk": 20,
    "fields": {
        "name": "Can view session",
        "content_type": 5,
        "codename": "view_session"
    }
},
{
    "model": "auth.permission",
    "pk": 21,
    "fields": {
        "name": "Can add airplane type",
        "content_type": 6,
        "codename": "add_airplanetype"
    }
},
{
    "model": "auth.permission",
    "pk": 22,
    "fields": {
        "name": "Can change airplane type",
        "content_type": 6,
        "codename": "change_airplanetype"
    }
},
{
    "model": "auth.permission",
    "pk": 23,
    "fields": {
        "name": "Can delete airplane type",
        "content_type": 6,
        "codename": "delete_airplanetype"
    }
},
{
    "model": "auth.permission",
    "pk": 24,
    "fields": {
        "name": "Can view airplane type",
        "content_type": 6,
        "codename": "view_airplanetype"
    }
},
{
    "model": "auth.permission",
    "pk": 25,
    "fields": {
        "name": "Can add airport",
        "content_type": 7,
        "codename": "add_airport"
    }
},
{
    "model": "auth.permission",
    "pk": 26,
    "fields": {
        "name": "Can change airport",
        "content_type": 7,
        "codename": "change_airport"
    }
},
{
    "model": "auth.permission",
    "pk": 27,
    "fields": {
        "name": "Can delete airport",
        "content_type": 7,
        "codename": "delete_airport"
    }
},
{
    "model": "auth.permission",
    "pk": 28,
    "fields": {
        "name": "Can view airport",
        "content_type": 7,
        "codename": "view_airport"
    }
},
{
    "model": "auth.permission",
    "pk": 29,
    "fields": {
        "name": "Can add crew",
        "content_type": 8,
        "codename": "add_crew"
    }
},
{
    "model": "auth.permission",
    "pk": 30,
    "fields": {
        "name": "Can change crew",
        "content_type": 8,
        "codename": "change_crew"
    }
},
{
    "model": "auth.permission",
    "pk": 31,
    "fields": {
        "name": "Can delete crew",
        "content_type": 8,
        "codename": "delete_crew"
    }
},
{
    "model": "auth.permission",
    "pk": 32,
    "fields": {
        "name": "Can view crew",
        "content_type": 8,
        "codename": "view_crew"
    }
},
{
    "model": "auth.permission",
    "pk": 33,
    "fields": {
        "name": "Can add order",
        "content_type": 9,
        "codename": "add_order"
    }
},
{
    "model": "auth.permission",
    "pk": 34,
    "fields": {
        "name": "Can change order",
        "content_type": 9,
        "codename": "change_order"
    }
},
{
    "model": "auth.permission",
    "pk": 35,
    "fields": {
        "name": "Can delete order",
        "content_type": 9,
        "codename": "delete_order"
    }
},
{
    "model": "auth.permission",
    "pk": 36,
    "fields": {
        "name": "Can view order",
        "content_type": 9,
        "codename": "view_order"
    }
},
{
    "model": "auth.permission",
    "pk": 37,
    "fields": {
        "name": "Can add route",
        "content_type": 10,
        "codename": "add_route"
    }
},
{
    "model": "auth.permission",
    "pk": 38,
    "fields": {
        "name": "Can change route",
        "content_type": 10,
        "codename": "change_route"
    }
},
{
    "model": "auth.permission",
    "pk": 39,
    "fields": {
        "name": "Can delete route",
        "content_type": 10,
        "codename": "delete_route"
    }
},
{
    "model": "auth.permission",
    "pk": 40,
    "fields": {
        "name": "Can view route",
        "content_type": 10,
        "codename": "view_route"
    }
},
{
    "model": "auth.permission",
    "pk": 41,
    "fields": {
        "name": "Can add ticket",
        "content_type": 11,
        "codename": "add_ticket"
    }
},
{
    "model": "auth.permission",
    "pk": 42,
    "fields": {
        "name": "Can change ticket",
        "content_type": 11,
        "codename": "change_ticket"
    }
},
{
    "model": "auth.permission",
    "pk": 43,
    "fields": {
        "name": "Can delete ticket",
        "content_type": 11,
        "codename": "delete_ticket"
    }
},
{
    "model": "auth.permission",
    "pk": 44,
    "fields": {
        "name": "Can view ticket",
        "content_type": 11,
        "codename": "view_ticket"
    }
},
{
    "model": "auth.permission",
    "pk": 45,
    "fields": {
        "name": "Can add airplane",
        "content_type": 12,
        "codename": "add_airplane"
    }
},
{
    "model": "auth.permission",
    "pk": 46,
    "fields": {
        "name": "Can change airplane",
        "content_type": 12,
        "codename": "change_airplane"
    }
},
{
    "model": "auth.permission",
    "pk": 47,
    "fields": {
        "name": "Can delete airplane",
        "content_type": 12,
        "codename": "delete_airplane"
    }
},
{
    "model": "auth.permission",
    "pk": 48,
    "fields": {
        "name": "Can view airplane",
        "content_type": 12,
        "codename": "view_airplane"
    }
},
{
    "model": "auth.permission",
    "pk": 49,
    "fields": {
        "name": "Can add flight",
        "content_type": 13,
        "codename": "add_flight"
    }
},
{
    "model": "auth.permission",
    "pk": 50,
    "fields": {
        "name": "Can change flight",
        "content_type": 13,
        "codename": "change_flight"
    }
},
{
    "model": "auth.permission",
    "pk": 51,
    "fields": {
        "name": "Can delete flight",
        "content_type": 13,
        "codename": "delete_flight"
    }
},
{
    "model": "auth.permission",
    "pk": 52,
    "fields": {
        "name": "Can view flight",
        "content_type": 13,
        "codename": "view_flight"
    }
},
{
    "model": "auth.permission",
    "pk": 53,
    "fields": {
        "name": "Can add city",
        "content_type": 14,
        "codename": "add_city"
    }
},
{
    "model": "auth.permission",
    "pk": 54,
    "fields": {
        "name": "Can change city",
        "content_type": 14,
        "codename": "change_city"
    }
},
{
    "model": "auth.permission",
    "pk": 55,
    "fields": {
        "name": "Can delete city",
        "content_type": 14,
        "codename": "delete_city"
    }
},
{
    "model": "auth.permission",
    "pk": 56,
    "fields": {
        "name": "Can view city",
        "content_type": 14,
        "codename": "view_city"
    }
},
{
    "model": "auth.permission",
    "pk": 57,
    "fields": {
        "name": "Can add country",
        "content_type": 15,
        "codename": "add_country"
    }
},
{
    "model": "auth.permission",
    "pk": 58,
    "fields": {
        "name": "Can change country",
        "content_type": 15,
        "codename": "change_country"
    }
},
{
    "model": "auth.permission",
    "pk": 59,
    "fields": {
        "name": "Can delete country",
        "content_type": 15,
        "codename": "delete_country"
    }
},
{
    "model": "auth.permission",
    "pk": 60,
    "fields": {
        "name": "Can view country",
        "content_type": 15,
        "codename": "view_country"
    }
},
{
    "model": "auth.permission",
    "pk": 61,
    "fields": {
        "name": "Can add user",
        "content_type": 16,
        "codename": "add_user"
    }
},
{
    "model": "auth.permission",
    "pk": 62,
    "fields": {
        "name": "Can change user",
        "content_type": 16,
        "codename": "change_user"
    }
},
{
    "model": "auth.permission",
    "pk": 63,
    "fields": {
        "name": "Can delete user",
        "content_type": 16,
        "codename": "delete_user"
    }
},
{
    "model": "auth.permission",
    "pk": 64,
    "fields": {
        "name": "Can view user",
        "content_type": 16,
        "codename": "view_user"
    }
},
{
    "model": "contenttypes.contenttype",
    "pk": 1,
    "fields": {
        "app_label": "admin",
        "model": "logentry"
    }
},
{
    "model": "contenttypes.contenttype",
    "pk": 2,
    "fields": {
        "app_label": "auth",
        "model": "permission"
    }
},
{
    "model": "contenttypes.contenttype",
    "pk": 3,
    "fields": {
        "app_label": "auth",
        "model": "group"
    }
},
{
    "model": "contenttypes.contenttype",
    "pk": 4,
    "fields": {
        "app_label": "contenttypes",
        "model": "contenttype"
    }
},
{
    "model": "contenttypes.contenttype",
    "pk": 5,
    "fields": {
        "app_label": "sessions",
        "model": "session"
    }
},
{
    "model": "contenttypes.contenttype",
    "pk": 6,
    "fields": {
        "app_label": "airport",
        "model": "airplanetype"
    }
},
{
    "model": "contenttypes.contenttype",
    "pk": 7,
    "fields": {
        "app_label": "airport",
        "model": "airport"
    }
},
{
    "model": "contenttypes.contenttype",
    "pk": 8,
    "fields": {
        "app_label": "airport",
        "model": "crew"
    }
},
{
    "model": "contenttypes.contenttype",
    "pk": 9,
    "fields": {
        "app_label": "airport",
        "model": "order"
    }
},
{
    "model": "contenttypes.contenttype",
    "pk": 10,
    "fields": {
        "app_label": "airport",
        "model": "route"
    }
},
{
    "model": "contenttypes.contenttype",
    "pk": 11,
    "fields": {
        "app_label": "airport",
        "model": "ticket"
    }
},
{
    "model": "contenttypes.contenttype",
    "pk": 12,
    "fields": {
        "app_label": "airport",
        "model": "airplane"
    }
},
{
    "model": "contenttypes.contenttype",
    "pk": 13,
    "fields": {
        "app_label": "airport",
        "model": "flight"
    }
},
{
    "model": "contenttypes.contenttype",
    "pk": 14,
    "fields": {
        "app_label": "airport",
        "model": "city"
    }
},
{
    "model": "contenttypes.contenttype",
    "pk": 15,
    "fields": {
        "app_label": "airport",
        "model": "country"
    }
},
{
    "model": "contenttypes.contenttype",
    "pk": 16,
    "fields": {
        "app_label": "user",
        "model": "user"
    }
},
{
    "model": "airport.crew",
    "pk": 1,
    "fields": {
        "first_name": "Joe",
        "last_name": "Biden"
    }
},
{
    "model": "airport.crew",
    "pk": 2,
    "fields": {
        "first_name": "Donald",
        "last_name": "Trump"
    }
},
{
    "model": "airport.crew",
    "pk": 3,
    "fields": {
        "first_name": "Test",
        "last_name": "Testovich"
    }
},
{
    "model": "airport.crew",
    "pk": 4,
    "fields": {
        "first_name": "Joe",
        "last_name": "Rogan"
    }
},
{
    "model": "airport.crew",
    "pk": 5,
    "fields": {
        "first_name": "Jim",
        "last_name": "Stones"
    }
},
{
    "model": "airport.crew",
    "pk": 6,
    "fields": {
        "first_name": "Jim",
        "last_name": "Carrey"
    }
},
{
    "model": "airport.crew",
    "pk": 7,
    "fields": {
        "first_name": "Jenna",
        "last_name": "Ortega"
    }
},
{
    "model": "airport.country",
    "pk": 1,
    "fields": {
        "name": "Norway"
    }
},
{
    "model": "airport.country",
    "pk": 2,
    "fields": {
        "name": "Ukraine"
    }
},
{
    "model": "airport.country",
    "pk": 3,
    "fields": {
        "name": "USA"
    }
},
{
    "model": "airport.country",
    "pk": 4,
    "fields": {
        "name": "Sweden"
    }
},
{
    "model": "airport.country",
    "pk": 5,
    "fields": {
        "name": "Poland"
    }
},
{
    "model": "airport.country",
    "pk": 6,
    "fields": {
        "name": "German"
    }
},
{
    "model": "airport.country",
    "pk": 7,
    "fields": {
        "name": "France"
    }
},
{
    "model": "airport.country",
    "pk": 8,
    "fields": {
        "name": "Spain"
    }
},
{
    "model": "airport.country",
    "pk": 9,
    "fields": {
        "name": "Italy"
    }
},
{
    "model": "airport.city",
    "pk": 1,
    "fields": {
        "name": "Kiev",
        "country": 2
    }
},
{
    "model": "airport.city",
    "pk": 2,
    "fields": {
        "name": "Lviv",
        "country": 2
    }
},
{
    "model": "airport.city",
    "pk": 3,
    "fields": {
        "name": "Oslo",
        "country": 1
    }
},
{
    "model": "airport.city",
    "pk": 4,
    "fields": {
        "name": "New York",
        "country": 3
    }
},
{
    "model": "airport.city",
    "pk": 5,
    "fields": {
        "name": "Washington",
        "country": 3
    }
},
{
    "model": "airport.city",
    "pk": 6,
    "fields": {
        "name": "Stockholm",
        "country": 4
    }
},
{
    "model": "airport.city",
    "pk": 7,
    "fields": {
        "name": "Gothenburg",
        "country": 4
    }
},
{
    "model": "airport.city",
    "pk": 8,
    "fields": {
        "name": "Warsaw",
        "country": 5
    }
},
{
    "model": "airport.city",
    "pk": 9,
    "fields": {
        "name": "Krakow",
        "country": 5
    }
},
{
    "model": "airport.city",
    "pk": 10,
    "fields": {
        "name": "Berlin",
        "country": 6
    }
},
{
    "model": "airport.city",
    "pk": 11,
    "fields": {
        "name": "Hamburg",
        "country": 6
    }
},
{
    "model": "airport.city",
    "pk": 12,
    "fields": {
        "name": "Paris",
        "country": 7
    }
},
{
    "model": "airport.city",
    "pk": 13,
    "fields": {
        "name": "Marseille",
        "country": 7
    }
},
{
    "model": "airport.city",
    "pk": 14,
    "fields": {
        "name": "Barcelona",
        "country": 8
    }
},
{
    "model": "airport.city",
    "pk": 15,
    "fields": {
        "name": "Madrid",
        "country": 8
    }
},
{
    "model": "airport.city",
    "pk": 16,
    "fields": {
        "name": "Milan",
        "country": 9
    }
},
{
    "model": "airport.city",
    "pk": 17,
    "fields": {
        "name": "Naples",
        "country": 9
    }
},
{
    "model": "airport.airplanetype",
    "pk": 1,
    "fields": {
        "name": "Passanger"
    }
},
{
    "model": "airport.airplanetype",
    "pk": 2,
    "fields": {
        "name": "Jet"
    }
},
{
    "model": "airport.airplane",
    "pk": 1,
    "fields": {
        "name": "Boing 777",
        "rows": 60,
        "seats_in_row": 10,
        "airplane_type": 1,
        "image": ""
    }
},
{
    "model": "airport.airplane",
    "pk": 2,
    "fields": {
        "name": "Boeing 787",
        "rows": 60,
        "seats_in_row": 10,
        "airplane_type": 1,
        "image": ""
    }
},
{
    "model": "airport.airplane",
    "pk": 3,
    "fields": {
        "name": "Learjet 23",
        "rows": 8,
        "seats_in_row": 3,
        "airplane_type": 2,
        "image": ""
    }
},
{
    "model": "airport.airplane",
    "pk": 4,
    "fields": {
        "name": "Gulfstream G500",
        "rows": 10,
        "seats_in_row": 3,
        "airplane_type": 2,
        "image": ""
    }
},
{
    "model": "airport.airport",
    "pk": 1,
    "fields": {
        "name": "Boryspil International Airport",
        "closest_big_city": 1
    }
},
{
    "model": "airport.airport",
    "pk": 2,
    "fields": {
        "name": "Lviv Danylo Halytskyi International Airport",
        "closest_big_city": 2
    }
},
{
    "model": "airport.airport",
    "pk": 3,
    "fields": {
        "name": "Oslo Airport",
        "closest_big_city": 3
    }
},
{
    "model": "airport.airport",
    "pk": 4,
    "fields": {
        "name": "LaGuardia Airport",
        "closest_big_city": 4
    }
},
{
    "model": "airport.airport",
    "pk": 5,
    "fields": {
        "name": "Washington Dulles International Airport",
        "closest_big_city": 5
    }
},
{
    "model": "airport.airport",
    "pk": 6,
    "fields": {
        "name": "Arlanda Airport Airport",
        "closest_big_city": 6
    }
},
{
    "model": "airport.airport",
    "pk": 7,
    "fields": {
        "name": "Goteborg Landvetter Airport",
        "closest_big_city": 7
    }
},
{
    "model": "airport.airport",
    "pk": 8,
    "fields": {
        "name": "Warsaw Chopin Airport",
        "closest_big_city": 8
    }
},
{
    "model": "airport.route",
    "pk": 1,
    "fields": {
        "source": 6,
        "destination": 1,
        "distance": 1500
    }
},
{
    "model": "airport.route",
    "pk": 2,
    "fields": {
        "source": 6,
        "destination": 2,
        "distance": 1200
    }
},
{
    "model": "airport.route",
    "pk": 3,
    "fields": {
        "source": 5,
        "destination": 3,
        "distance": 3000
    }
},
{
    "model": "airport.route",
    "pk": 4,
    "fields": {
        "source": 8,
        "destination": 7,
        "distance": 800
    }
},
{
    "model": "airport.route",
    "pk": 5,
    "fields": {
        "source": 3,
        "destination": 6,
        "distance": 900
    }
},
{
    "model": "airport.flight",
    "pk": 1,
    "fields": {
        "route": 1,
        "airplane": 1,
        "departure_time": "2024-01-11T18:00:00Z",
        "arrival_time": "2024-01-12T20:00:00Z",
        "crew": [
            6,
            4,
            2
        ]
    }
},
{
    "model": "airport.flight",
    "pk": 2,
    "fields": {
        "route": 2,
        "airplane": 1,
        "departure_time": "2024-01-11T18:00:00Z",
        "arrival_time": "2024-01-12T20:00:00Z",
        "crew": [
            4,
            5,
            3
        ]
    }
},
{
    "model": "airport.flight",
    "pk": 3,
    "fields": {
        "route": 5,
        "airplane": 2,
        "departure_time": "2024-01-27T18:00:00Z",
        "arrival_time": "2024-01-28T21:00:00Z",
        "crew": [
            1,
            6,
            2
        ]
    }
},
{
    "model": "airport.order",
    "pk": 1,
    "fields": {
        "created_at": "2024-01-09T16:37:34.952Z",
        "user": 2
    }
},
{
    "model": "airport.order",
    "pk": 2,
    "fields": {
        "created_at": "2024-01-09T16:38:14.911Z",
        "user": 2
    }
},
{
    "model": "airport.ticket",
    "pk": 1,
    "fields": {
        "row": 1,
        "seat": 2,
        "flight": 2,
        "order": 1
    }
},
{
    "model": "airport.ticket",
    "pk": 2,
    "fields": {
        "row": 2,
        "seat": 1,
        "flight": 1,
        "order": 2
    }
},
{
    "model": "user.user",
    "pk": 1,
    "fields": {
        "password": "pbkdf2_sha256$720000$YpAO63lLsErdGW893a3wGP$wCOiaQk9xzEAlh3vyUU7ZlaNC6AfNqLpNTNjqNgtFV4=",
        "last_login": null,
        "is_superuser": false,
        "first_name": "",
        "last_name": "",
        "is_staff": false,
        "is_active": true,
        "date_joined": "2024-01-09T15:04:29.605Z",
        "email": "admin@admin.ua",
        "groups": [],
        "user_permissions": []
    }
},
{
    "model": "user.user",
    "pk": 2,
    "fields": {
        "password": "pbkdf2_sha256$720000$SQuJS7u7kTh1tLnxeqtS5F$biX3ylXheEcjQkQfWXrPrVvap3xfCq/rAzG/Cj3pAq4=",
        "last_login": null,
        "is_superuser": true,
        "first_name": "",
        "last_name": "",
        "is_staff": true,
        "is_active": true,
        "date_joined": "2024-01-09T15:08:06.842Z",
        "email": "admin@admin.com",
        "groups": [],
        "user_permissions": []
    }
}
]
